id,twitter_id,handles,degree_range,snapshot_range
1,19284221,"News247gr",100500-166994,"1-48"
2,74543190,"PanosKammenos, panoskammenos",92315-97944,"1-48"
3,472857729,"akispaulopoulos",8914-10382,"1-48"
4,442649533,"Agronewsgr",2752-3476,"1-48"
5,317380812,"XrPanag, xrpanag",17952-18891,"1-48"
6,104552184,"paidisi",280-352,"1-48"
7,1537018699,"koutsoukosilia",2456-3658,"1-48"
8,558383750,"g_plakiotakis, G_Plakiotakis",3388-11734,"1-48"
9,521308614,"Makeleio_gr, makeleio_gr",8093-24777,"1-23, 25-48"
10,71482406,"FofiGennimata",26734-51642,"1-48"
11,189550637,"kouvie",10174-15992,"1-48"
12,866059077792739329,"NMpogiopoulos, nmpogiopoulos",7553-45527,"1-48"
13,777915348335091712,"St_Theodorakis",9809-15465,"1-48"
14,797882532,"Makis_Tr, makis_tr",20304-47482,"1-48"
15,1856636100,"reportaznet1",66-102,"1-48"
16,780600836,"bpapapanagiotou",15496-31408,"1-48"
17,539098641,"KSkandalidis",13357-17169,"1-48"
18,16888662,"nikoxy",19542-20861,"1-48"
19,2367424185,"pavpol2222",2511-26605,"1-48"
20,44845906,"arisdavarakis, ArisDavarakis",13911-14943,"1-48"
21,2449351489,"nragiou",2278-2379,"1-48"
22,434832879,"K_Hatzidakis",80210-116014,"1-48"
23,533041104,"AnnaAsimakopoul, @AnnaAsimakopoul",13254-24462,"1-48"
24,244946026,"ckoutras",31164-34562,"1-48"
25,2360726564,"jnmam1",42-51,"1-12"
26,1315242811,"anemosanti",11692-12179,"1-38"
27,444707209,"adavakis",684-1714,"1-48"
28,339846503,"MariaSpyraki, mariaspyraki",17782-27686,"1-48"
29,299724272,"dimkott",15250-17139,"1-48"
30,484702915,"KalafatisSt",5423-8436,"1-48"
31,334602996,"atsipras",514532-611135,"1-48"
32,293434226,"Kontrachannel, KontraChannel",9821-20697,"1-48"
33,2466630270,"ADimoschakis",1272-2997,"1-48"
34,516400360,"IliasKasidiaris",19618-30534,"1-48"
35,289527193,"KostasVaxevanis",424058-493724,"1-48"
36,130884030,"pitsirikos",118124-128910,"1-48"
37,573464951,"NYpofantis",15541-29558,"1-48"
38,1579634202,"p_dritseli",2686-3391,"1-48"
39,2426148662,"nostimonimar",1491-2194,"1-48"
40,2963278857,"IAIVATIDIS",569-1521,"1-29"
41,849120734,"zarpanews",2320-3233,"1-48"
42,700747080,"EleniZaroulia",1912-3004,"1-29"
43,630303210,"barbarousis, Barbarousis",3957-4376,"1-29"
44,13766852,"Dora_Bakoyannis",119950-172993,"1-48"
45,407091620,"katsaniotis",1370-4267,"1-48"
46,555858535,"vasiliskokkalhs, VASILISKOKKALHS",295-555,"1-48"
47,1157528792,"jmichelakis",11098-12527,"1-48"
48,569954111,"SpyrosDanellis, spyrosdanellis",4811-6590,"1-48"
49,233140263,"InfognomonPolit",2001-2473,"1-48"
50,72838721,"NKaklamanis, nkaklamanis",21042-27817,"1-48"
51,2748749053,"simoskedikoglou, SimosKedikoglou",4161-6568,"1-48"
52,183222891,"ALPHA_TV",285740-314220,"1-33"
53,435737814,"nkerameus",5155-58028,"1-48"
54,560942836,"DimokratiaNews",1996-2858,"1-48"
55,131500587,"topontiki, TOPONTIKI",93844-135956,"1-48"
56,67947092,"mavrogiorgos, Mavrogiorgos",8288-11145,"1-48"
57,630296143,"Panagiotisiliop",4371-5177,"1-29"
58,763951591,"mardas55",4423-4926,"1-48"
59,1875388802,"AnatropiMegaTV",12266-17553,"1-18"
60,499693655,"matrix24gr",8886-10680,"1-48"
61,2433290382,"johntheofilakto",72-342,"1-48"
62,1322498653,"elgeo4",51-55,"1-48"
63,402920490,"nikoskotzias, NikosKotzias",29147-48332,"1-48"
64,17991384,"nectarsant",1823-3447,"1-48"
65,312588137,"wwwstargr",92745-124311,"1-48"
66,4008768569,"ttheodoropoulo5",150-226,"1-48"
67,526374412,"hotdoc_mag",64840-89974,"1-48"
68,211465834,"anna_journalist",3672-4700,"1-48"
69,588106696,"BKegeroglou, bkegeroglou",5756-9195,"1-48"
70,20611290,"Mandravelis, mandravelis",43905-46941,"1-48"
71,278521416,"MariaKolliaTsar",2792-3090,"1-48"
72,545356505,"kellas_xristos",1454-2641,"1-48"
73,312968576,"arouraios_gr",6262-6740,"1-48"
74,559415635,"g_karatzaferis",1286-1374,"1-48"
75,408566492,"pskourl",56672-66700,"1-48"
76,921356571447308288,"nikos_toskas",556-6529,"1-48"
77,1461706872,"makiskouris, MakisKouris",1967-2029,"1-48"
78,52732962,"AvgiOnline",44532-84227,"1-48"
79,3936923243,"PanosSkourolia1",964-3952,"1-48"
80,2951077293,"PanagoulisSt",432-443,"1-10"
81,329561922,"serkot65",27966-49718,"1-48"
82,192332877,"MarkosBolaris",5546-6090,"1-48"
83,250518647,"nmitarakis",19128-34007,"1-48"
84,141219154,"newsbeast",12294-12733,"1-48"
85,896382234,"EFSYNTAKTON",52336-124497,"1-48"
86,713002904416817153,"freesundaygr",130-169,"1-48"
87,585518430,"ArisPortosalte",118408-156000,"1-48"
88,324492969,"pansavsept98",2008-2680,"1-48"
89,75991413,"evichrist",8957-10617,"1-48"
90,365940969,"kpapakosta",8303-9892,"1-48"
91,2895875524,"enikonomia",12847-15443,"1-48"
92,491550694,"ChristosDimas_",2531-8635,"1-48"
93,1010520086,"LubenMag, lubenmag",16535-33206,"1-48"
94,238183614,"GDimaras, gdimaras",7238-7576,"1-48"
95,868275481,"marantoniou, MarAntoniou",3689-5050,"1-48"
96,2613473180,"Vlachos_G",2074-3516,"1-48"
97,26315349,"tsapanidou",614593-649218,"1-48"
98,59862969,"epirusgate",1783-2255,"1-48"
99,4845745335,"stamatis_dim",5527-8433,"1-48"
100,1637434278,"katia_makri",13014-14118,"1-48"
101,107981392,"jo_pit",32593-34900,"1-48"
102,869354792,"TaxaliaTweets, taxaliatweets",70-78,"1-48"
103,2365419054,"olgakef",23393-37502,"1-48"
104,563969004,"kutsubad",1003-1357,"1-48"
105,2840171877,"XarAthan",951-2042,"1-48"
106,706861315344748545,"l_avgenakis",5053-14092,"1-48"
107,200034893,"newsbombgr",52826-82419,"1-48"
108,54598058,"lifomag",232229-289920,"1-48"
109,115001259,"ProedrosEK",6156-6501,"1-48"
110,255745155,"politicanea",2094-2237,"1-48"
111,712032858,"espressonews_gr",1856-2226,"1-48"
112,47575786,"OikonomouB",7492-8142,"1-48"
113,159195305,"gavgero",44282-59375,"1-48"
114,236744081,"NikosDendias",38771-138417,"1-48"
115,136333369,"stelioskoul, SteliosKoul",67407-78894,"1-48"
116,2888201051,"igglezikaterina",802-896,"1-48"
117,2192270316,"amanatidis_gian, Amanatidis_Gian",2653-3634,"1-48"
118,948002035,"dimvett",253-1081,"1-32"
119,30190242,"eglimatikotita",859-951,"1-48"
120,3070068752,"MarianaPirgioti",12316-22881,"1-48"
121,1851378294,"ethnosgr",15539-42852,"1-48"
122,562182659,"gkefalogiannis",3844-7659,"1-48"
123,417017633,"chrisvernard",4270-4511,"1-48"
124,199743355,"Real_gr",260405-318797,"1-48"
125,2814643357,"g_stathakis",21677-24768,"1-48"
126,2786227298,"olgagerovasili",8242-21642,"1-48"
127,493108153,"taniaiakovidou, TaniaIakovidou",135-146,"1-48"
128,526772421,"tasiachristodul",630-683,"1-48"
129,368220754,"dinopoul",8136-8451,"1-48"
130,385411771,"unfollow_mag",53283-55256,"1-48"
131,18899147,"madata",4100-4200,"1-48"
132,481393090,"FotiniPipili, fotinipipili",16840-20918,"1-48"
133,982264362,"chboukoros1",531-890,"1-48"
134,1522227540,"theocharop",331-678,"1-13"
135,631973249,"TheanoFotiou",7186-8498,"1-48"
136,107136186,"htheoharis",24119-26612,"1-48"
137,344678980,"themosanastasia",986-1117,"1-48"
138,146120800,"LamiaReportgr, lamiareportgr",1735-2135,"1-48"
139,540179903,"MakisVoridis",42808-70615,"1-48"
140,3290272726,"GiorgosTragkas, giorgostragkas",6360-7787,"1-48"
141,70713954,"Odysseas_",11050-14120,"1-48"
142,18834081,"tvxs",68312-94215,"1-48"
143,186060772,"Kathimerini_gr, kathimerini_gr",324502-456612,"1-48"
144,57285630,"kerdos_online",11816-12627,"1-48"
145,93519544,"KSIPNISTERE",1785-1931,"1-48"
146,3324399059,"efhmeridaEmpros",995-1614,"1-48"
147,592909785,"H_apopsi, H_Apopsi",1045-1122,"1-48"
148,133853744,"andritsos",41817-44819,"1-48"
149,583989540,"Art_teleasty",361-404,"1-48"
150,269667949,"Arvanitidis_Geo",1193-2320,"1-48"
151,585870163,"tppfeed",2788-3447,"1-48"
152,450338960,"EvangAntonaros, evangantonaros",16414-38122,"1-48"
153,299874207,"Ggennia",275-531,"1-48"
154,537269439,"GerGiakoumatos, gergiakoumatos",4141-5075,"1-48"
155,521225288,"TerensQuick, terensquick",30852-35087,"1-48"
156,2987143187,"k0stopanagiotou",309-486,"1-48"
157,2347247826,"GVallianatos",3095-3234,"1-48"
158,36618661,"ant1tv, ANT1TV",184519-232797,"1-48"
159,42008209,"gkatr",18771-30605,"1-48"
160,709702013865562112,"JSarakiotis, jsarakiotis",781-3874,"1-48"
161,297963914,"ERTsocial, Ertsocial",67050-90942,"1-34"
162,370598533,"katsafados",4604-5989,"1-26, 29-34"
163,795738344906952705,"documentonews",4919-59527,"1-13, 15-48"
164,864036626149847041,"karagianioa",7-14,"1-48"
165,879471180272599042,"fokas_aris",168-254,"1-7"
166,2500320130,"YiannisLoverdos",15296-25871,"1-48"
167,4822132755,"kaisasgeorgios",478-843,"1-48"
168,288821074,"loutrakiblog",376-587,"1-48"
169,2965712733,"akaranastasis",149-272,"1-48"
170,1399331456,"diaforetiko",957-1012,"1-48"
171,537431019,"ArampatziFotini, @ArampatziFotini",3960-6211,"1-48"
172,569183730,"XenakisSotiris",12849-19350,"1-48"
173,359403464,"fimotro",1087-1354,"1-48"
174,4075421584,"MTZELEPIS, mtzelepis",1074-1647,"1-48"
175,202140100,"Kouti_Pandoras",137951-187007,"1-48"
176,836409865,"KokkinosOuranos, kokkinosouranos",684-1560,"1-48"
177,331032006,"EleniAvlonitou",1786-3352,"1-48"
178,294027922,"giwrgosliagas, GiwrgosLiagas",285743-290158,"1-5"
179,3431314378,"papatheodorou_t",1800-2338,"1-48"
180,87170286,"philenewscy",18360-27157,"1-48"
181,349090550,"syrmal2000",1822-2319,"1-48"
182,111268590,"PRINgr",7490-10125,"1-48"
183,3354141345,"PappasXA",3506-5422,"1-29"
184,268283495,"paraskhnio",16969-18475,"1-48"
185,849197652533288965,"Michelis_Athan",254-636,"1-36"
186,393292109,"TheoKaraoglou",6447-9194,"1-48"
187,84853888,"cstaikouras",22612-44305,"1-48"
188,421074044,"mettatsikrika, MettaTsikrika",195-210,"1-48"
189,225931853,"a_loverdos",43089-74691,"1-48"
190,806736306,"YDragasakis",44002-50381,"1-48"
191,852566696,"savanastasiadis",767-1912,"1-48"
192,630204267,"GermenisGiorgos",3263-3872,"1-34"
193,2662790664,"tr_alexandros",1472-7130,"1-48"
194,720238842,"PRESSGR_BLOG",8989-9627,"1-48"
195,782027876,"gpantzas",2399-2716,"1-48"
196,98872288,"capitalgr",40297-86957,"1-48"
197,546281641,"GeorgiaMartinou",326-410,"1-48"
198,239685876,"triklopodia_gr",4411-4604,"1-48"
199,437388094,"manoskonsolas",2364-3954,"1-48"
200,798866000393412608,"R3Jg3EsgrBewHc9",20-29,"1-48"
201,112640564,"msarafoglou",16475-18615,"1-48"
202,219987597,"secretrealtruth, SECRETREALTRUTH",2313-2494,"1-48"
203,1012051070,"FonaklasGr, fonaklasgr",1413-1460,"1-48"
204,3656681537,"ypaithros",857-2287,"1-48"
205,54283324,"Vkikilias",26367-82041,"1-48"
206,2513609557,"powernewsgreece",1802-1877,"1-22"
207,3165910877,"PressPublica",1023-1375,"1-44"
208,2972005762,"efgeorgopoulou",764-1166,"1-48"
209,258729654,"iefimerida",90263-155631,"1-48"
210,17389650,"skaigr",578000-680461,"1-48"
211,152426795,"pentapostagma",5456-7862,"1-48"
212,3064827747,"VroutsisGiannis, vroutsisgiannis",14363-29775,"1-48"
213,15334638,"olympiada",8548-8995,"1-48"
214,335179820,"SalmasMarios, salmasmarios",1124-1308,"1-48"
215,404193258,"Sofia_voultepsi, sofia_voultepsi",684-1060,"1-48"
216,327267369,"NChatzinikolaou, nchatzinikolaou",626904-645361,"1-48"
217,307831651,"lygerosstavros",18983-21847,"1-48"
218,1902564792,"pkonstantineas7",906-4011,"1-48"
219,1001342479,"A_Meikopoulos",540-1312,"1-48"
220,18934391,"naftemporikigr",161941-200885,"1-48"
221,857742336,"XA_KILKIS, xa_kilkis",1347-2037,"1-29, 31-36"
222,353308223,"XRHSTOSFRIK, xrhstosfrik",769-824,"1-48"
223,2991886211,"fortsakis",3971-6909,"1-48"
224,2976349222,"athbouras",470-727,"1-48"
225,1728198787,"ybalafas",6538-12395,"1-48"
226,711936107601137665,"TsironisGianni",1692-3689,"1-48"
227,70973903,"Elena_Rapti",11048-15457,"1-48"
228,1354500241,"SKaratzaferis, skaratzaferis",127-135,"1-48"
229,2689376012,"serresbomb",5-7,"1-48"
230,4694994379,"DimKampourakis",1249-1782,"1-48"
231,105000893,"panosharitos",19797-30030,"1-48"
232,22310233,"EVenizelos, EVENIZELOS",112928-136429,"1-48"
233,25584888,"protothema",243417-371067,"1-48"
234,632868099,"kat_markou",2638-3432,"1-48"
235,350390941,"tasoskourakis",3768-4024,"1-48"
236,805151138,"k_karagounis",2050-2383,"1-48"
237,1701576919,"andreasxanthos",4989-11111,"1-48"
238,908986210240081921,"DQw43I6dBIyzh21",187-503,"1-48"
239,24888661,"kportocali",4011-4121,"1-48"
240,2892644871,"npanagioto",2222-28813,"1-48"
241,633098410,"GKoumoutsakos",19150-32366,"1-48"
242,353872263,"gnomikilkis, GNOMIKILKIS",353-450,"1-48"
243,351796925,"Onnewsgr",1179-1318,"1-48"
244,4126380982,"xarakefalidou",575-2628,"1-48"
245,4031768219,"dimitrisvitsas",236-1590,"1-48"
246,538154104,"axiaplus",2181-5318,"1-48"
247,1464816818,"giorgoskouris, GiorgosKouris",375-435,"1-48"
248,2975032769,"tsakalotos",32752-45248,"1-48"
249,76015405,"zougla_online",38858-69363,"1-48"
250,1474143228,"KremastinosD",2628-2751,"1-48"
251,70340615,"AdonisGeorgiadi",206326-297783,"1-48"
252,3221256604,"pesotithes",152-163,"1-48"
253,414287765,"kouroumplis",7130-9096,"1-48"
254,373909732,"enikos_gr",361043-424819,"1-48"
255,1118794735,"imerisiagr",12894-20923,"1-48"
256,27931380,"athensvoice, AthensVoice",260422-317819,"1-48"
257,2963751815,"mtheleriti",401-793,"1-48"
258,306096352,"eloragr",377-396,"1-48"
259,403331236,"nikospappas16",68899-88668,"1-48"
260,1413019669,"cbgialas",24-231,"1-48"
261,197393149,"karameros",25257-26660,"1-48"
262,706861538,"ipanagiotaros",6475-8077,"1-29"
263,189543224,"katohikanea",7338-7584,"1-48"
264,560852528,"a_vesiropoulos",313-874,"1-48"
265,397202986,"NikosEvagelatos, nikosevagelatos",65592-71415,"1-48"
266,104543713,"edromos",6003-6923,"1-48"
267,295036246,"NEAKERATSINIOU",1436-1485,"1-48"
268,2427879955,"sia_anag",2037-3781,"1-48"
269,2969679155,"nikosfilis1",7481-8765,"1-48"
270,758622915965444096,"c_spirtzis",2908-13443,"1-48"
271,118664394,"parapolitika",47155-88111,"1-48"
272,358859825,"christina_korai",24474-35621,"1-48"
273,596557379,"LARISSANETGR",2640-3634,"1-48"
274,3063865762,"IasonFotilas",3156-4976,"1-48"
275,4178705584,"kostasbarkas",1476-8469,"1-48"
276,301531998,"SiaKossioni, siakossioni",253457-260857,"1-26"
277,309360843,"giorgoskyritsis",8955-15563,"1-48"
278,2451561470,"geakriotis",559-988,"1-48"
279,172306013,"tromaktiko",1603-1795,"1-48"
280,2148443673,"laskaridislazar",149-174,"1-48"
281,76280336,"ellopia",1412-1584,"1-48"
282,1690024302,"Epsilontvgr",19890-20093,"1-6"
283,402714886,"KostasVlasis",656-1877,"1-48"
284,2955647698,"GVagionas",213-543,"1-48"
285,3034441257,"sfamellos, SFamellos",1381-8415,"1-48"
286,3049782381,"FotiniVaki",1190-1988,"1-20"
287,965785002,"nasosa8anasiou",2669-3513,"1-48"
288,2370168500,"elen_stamataki",488-884,"1-48"
289,48291940,"andriotakis",4693-5154,"1-48"
290,247318537,"24wro",4079-4442,"1-48"
291,2542946742,"panteliskapsis, PantelisKapsis",715-2497,"1-48"
292,3377051099,"annavayena",72-185,"1-48"
293,1350323126,"CircoGreco",472-732,"1-48"
294,3041226449,"KostasSkrekas",3221-9009,"1-48"
295,221299970,"fmvoice2",836-884,"1-48"
296,3096944951,"meropitzoufi",762-1667,"1-48"
297,567306088,"grpsarianos",8138-17092,"1-48"
298,823154154,"SvouraNews",326-378,"1-48"
299,86978402,"NewsItFeed",62201-105131,"1-48"
300,544153184,"toxwni",15075-15236,"1-24"
301,53439175,"bogdanosk",28316-65809,"1-48"
302,2801820046,"apokalyptikodel",4802-8431,"1-48"
303,3058731473,"xrsimorelis, XrSimorelis",551-747,"1-48"
304,27616356,"pestanea",2885-2962,"1-24"
305,556814427,"lgrigorakos",1409-1601,"1-48"
306,15015626,"stoxos",1926-2953,"1-48"
307,104298598,"primeministergr, PrimeministerGR",471970-718787,"1-48"
308,19662198,"in_gr",105610-166762,"1-48"
309,3308342351,"dkonstantop",2089-2937,"1-48"
310,409865715,"logia_starata",254-294,"1-48"
311,74694195,"gstylios",1647-3283,"1-48"
312,1097502870,"AntonisGregos",2581-3123,"1-36"
313,424164598,"elenakountoura, ElenaKountoura",18477-22568,"1-48"
314,190278613,"gioulekaskostas",9980-13848,"1-48"
315,83656002,"samaras_antonis",43386-65585,"1-48"
316,3992951153,"v_meimarakis",8731-17173,"1-48"
317,53346239,"sigmalivecom, Sigmalivecom",34349-46976,"1-48"
318,60591084,"MVarvitsiotis",23487-35377,"1-48"
319,383966659,"NikNikolopoulos",15381-24697,"1-48"
320,545163385,"tokarfi",4667-6031,"1-48"
321,1616952134,"elenaakrita, ElenaAkrita",531-2050,"1-48"
322,23296450,"ta_nea",136568-188279,"1-48"
323,57415343,"antinewsgr",12645-13845,"1-48"
324,330384423,"ManosNiflis",18313-20602,"1-48"
325,361159739,"annetakavadia",7106-9076,"1-48"
326,350182526,"GiorgosAftias, giorgosaftias",2747-3740,"1-48"
327,2348713561,"MaktvNews",240-302,"1-48"
328,2413893906,"sylvanarapti",1592-1645,"1-48"
329,2443536144,"SpyrosLykoudis, spyroslykoudis",7014-7855,"1-48"
330,381976833,"etyposgr",8606-28557,"1-48"
331,80154515,"typologies",9997-10569,"1-48"
332,2863966079,"Tzavaraskon",293-694,"1-48"
333,484814497,"Yannis_Maniatis",8084-11925,"1-48"
334,231807647,"tovimagr",178566-245961,"1-48"
335,54825777,"parakato",1430-1611,"1-48"
336,14283525,"kmitsotakis",181329-358269,"1-48"
337,1446923143,"ellinikahoaxes",4071-11470,"1-48"
338,726418016,"fouitgr",562-721,"1-48"
339,1565814866,"h_epohi",2270-2679,"1-48"
340,478754813,"AnnaKaramanli, annakaramanli",8208-9146,"1-48"
341,870557052598407168,"neaselidagr",1808-3732,"1-48"
342,14638433,"androulakis",42310-44806,"1-48"
343,580861440,"ellistai, ElliStai",37182-38830,"1-48"
344,107045432,"Kefalaio",1106-1106,"1-1"
345,3325625573,"marios_katsis",989-6376,"1-48"
346,551237910,"kyriazidisdim",763-1001,"1-48"
347,3127085801,"telloglou",11567-28381,"1-48"
348,492534405,"DTsiodras",11132-14340,"1-48"
349,2969916503,"pantamaximos",3177-5948,"1-48"
350,1374000792,"dsevastakis",84-91,"1-48"
351,75256329,"amirasgiorgos",4503-8262,"1-48"
352,267790532,"ninemesis, ninakasimati",10022-10573,"2-4, 19-48"
353,529702286,"AnnaEfthymiou_",1443-2162,"19-48"
354,552151981,"TagarasNikos",55-166,"19-48"
355,370616013,"gragkousis",21342-27618,"19-48"
356,110670092,"efsimopoulos",1997-2346,"19-48"
357,124690469,"yanisvaroufakis",979853-1062368,"19-48"
358,2960720745,"pappas_ioannis",186-205,"19-48"
359,197613052,"yiannismelas",659-1131,"19-48"
360,540694975,"The_Leontaridis",1640-1886,"19-48"
361,567066109,"GIOTAPOULOU",16-27,"19-48"
362,404869413,"maxsenetakis",1020-1190,"19-48"
363,1466870311,"AsiminaSkondra",394-641,"19-48"
364,849094652,"ChStefanadis",83-123,"19-48"
365,17132736,"kyranakis",20065-37476,"19-48"
366,3105268391,"FKarasarlidou",1143-1459,"19-48"
367,196941064,"periklismantas",207-587,"19-48"
368,907708101872283649,"giogiakasv",119-158,"19-48"
369,534632102,"KastanidisHaris",2235-5569,"19-48"
370,2973131037,"blouchosdrama",10-23,"19-48"
371,1168885946361757705,"GeorgeLogiadis",8-258,"19-48"
372,474756525,"tasos_chatziv",701-2506,"19-48"
373,532337898,"msoukouli",992-1406,"19-48"
374,907201823613837312,"IgoumenidisN",76-604,"19-48"
375,961619128237940736,"lakis_vas",45-74,"19-48"
376,557882540,"pasxalidisjohn",647-701,"19-48"
377,2783917512,"ZettaMakri",1952-2836,"19-48"
378,1614767336,"e_stylianidis",9832-12191,"19-48"
379,2959151806,"maravegiaskost",27-1167,"19-48"
380,1904674254,"SpiliosL",731-1862,"19-48"
381,3313931657,"LazarosTsavdar1",86-136,"19-48"
382,787026822,"L_Tsavdaridis",160-173,"19-37"
383,1148229718627540992,"SofAsimak",65-570,"19-48"
384,927913279,"DimVartzopoulos",656-1123,"19-48"
385,1010930311289556992,"patsis_andreas",204-556,"19-48"
386,559643881,"dionstamenitis",1746-1812,"19-48"
387,1137980607496183809,"than_zebilis",23-52,"19-48"
388,1156878352759894016,"p1l1sulLrVED8tt",5-91,"19-48"
389,1140269473397694471,"MonogiouKateri1",113-265,"19-48"
390,112445908,"thanosplevris",32374-53668,"19-48"
391,961900635913424896,"vag_apos",802-1357,"19-48"
392,189807100,"mvlazaridis",7691-9467,"19-48"
393,24637896,"alterglobal",2826-4256,"19-48"
394,395206721,"STEFANOS_GIKAS",1884-2368,"19-48"
395,174226430,"ViliardosV",3165-5617,"19-48"
396,404205439,"thanos_moraitis",4284-4945,"19-48"
397,2445790562,"giorgoskotsiras",1275-2419,"19-48"
398,1051860153191096321,"E_Achtsioglou",5582-16785,"19-48"
399,171176245,"Ral_Christidou",34097-36255,"19-48"
400,357631685,"davgeri",1410-2270,"19-48"
401,886723075,"m_giannakou",5806-6640,"19-48"
402,422814594,"AngelosSyrigos",3651-21310,"19-48"
403,2608056638,"DimKairidis",2390-9231,"19-48"
404,342436250,"ChrisDermen",284-866,"19-48"
405,142677826,"avgerinopoulou",1377-1506,"19-48"
406,366594800,"ChitasKostas",219-1245,"19-48"
407,480344041,"liakosev",336-400,"19-48"
408,1158632932304674822,"keletsis",23-83,"19-37"
409,310780249,"kallianos",4138-4949,"19-48"
410,1159407842350288896,"dimitrisbiagkis",54-365,"19-48"
411,973164892877459456,"alexischaritsis",4828-12067,"19-48"
412,204069781,"CZachariadis",13571-27325,"19-48"
413,487731215,"iriniagath",2269-2664,"19-48"
414,888762865,"HionidisSavvas",1143-1293,"19-48"
415,1735479950,"RoussopoulosTh",255-674,"19-48"
416,1057566665595076608,"teligioridou",31-694,"19-48"
417,1142755245761662976,"s_tsiliggiris",20-27,"19-25"
418,533082734,"SofiaSakorafa",15247-18207,"19-48"
419,2952906353,"dckalamatianos",66-159,"19-48"
420,102001522,"ILHANAHMET",3032-3344,"19-47"
421,350800867,"fbakadima",161-2836,"19-48"
422,712255673178976256,"BSkoufa",301-545,"19-48"
423,162448017,"vspanakis",1714-3272,"19-48"
424,1734838562,"Vrizidou_Vicky",33-45,"19-48"
425,93629265,"xrisalex",1212-2111,"19-48"
426,823985090925576194,"Mamoulakis",407-4648,"19-48"
427,579067205,"velopky",20363-23114,"19-39"
428,2181688916,"T_Cheimaras",92-185,"19-48"
429,414090002,"ngiannakopoulou",2059-3928,"19-48"
430,4187615537,"imouzalas",1494-1612,"19-48"
431,3100185977,"g_psychogios",194-1306,"19-48"
432,1059819442572611584,"PetiPerka",116-498,"19-48"
433,590082909,"MarkopoulosDimi",1430-1469,"19-48"
434,3410091958,"t_bartzokas",208-408,"19-48"
435,546169921,"PapachristTh",181-201,"19-48"
436,2443992852,"raptizoi",859-3766,"19-48"
437,557560811,"Stathis_Konst",20-32,"19-48"
438,32475807,"michaelkatrinis",2827-5064,"19-48"
439,410883378,"vnaypsilantis",762-992,"19-48"
440,359478003,"giannoul",1719-3758,"19-42"
441,1141433832769503238,"NoniDounia",109-228,"19-48"
442,2245911122,"vdigalakis",138-665,"19-48"
443,983983199012425728,"katenotopoulou",2790-6549,"19-48"
444,547869595,"PapadopoulosMix",993-1013,"19-48"
445,1150728876424867840,"georgantasgr",389-2663,"19-48"
446,947930930202673153,"ioannis_mpougas",340-987,"19-48"
447,21152451,"MVoloudakis",3934-4398,"19-48"
448,92969084,"karsenis",4284-5658,"19-48"
449,2458564941,"KonstantinaAda1",14-17,"19-48"
450,1149205366930071552,"theodorikakosp",3605-15774,"19-48"
451,1259340614,"PanasApostolos",283-517,"19-48"
452,340183590,"fbaraliakos",1206-1514,"19-48"
453,1304901391,"stergiannakis",31-35,"19-33"
454,759834368168910849,"BiziouStella",302-1243,"19-48"
455,974974055731355654,"tsiaras_kostas",1112-4330,"19-48"
456,779274745854451713,"GIANNISFLORINA",174-235,"19-48"
457,801812686954725377,"d_tzanakopoulos",12598-22160,"19-48"
458,338861628,"ZeybekHuseyin",2281-2551,"19-48"
459,7005602,"GPapandreou",10200-15763,"19-48"
460,1139451418975330305,"neokliskritikos",16-43,"19-48"
461,849286834337271808,"BoutsikakisChr",371-1438,"19-48"
462,409149518,"tsigris_angelos",927-1190,"19-48"
463,773986323422146561,"sokrvardakis",1795-3218,"19-48"
464,3405878033,"chrysomallism",361-491,"19-48"
465,1150482424134086659,"KiriakiMalama",83-814,"19-48"
466,1224671498,"marilizaxen",843-923,"19-48"
467,253261560,"DKouvelas",561-818,"19-48"
468,583853188,"NatasaGkara",127-1726,"19-48"
469,2960910021,"giorgostsipras",1216-3957,"19-48"
470,191033632,"KaminisG",26871-27124,"19-48"
471,1165984732045369344,"kostasmpoumpas",236-538,"32-48"
472,801796590117801984,"ChVernardakis",4224-5619,"32-48"
473,771362088702836737,"xtarantilis",683-1937,"32-35"
474,501969331,"AntMylonakis",735-1441,"32-48"
475,1153988844498444288,"MariaAt03902914",149-427,"32-48"
476,1302266183790604290,"B3Vagenas",30-85,"32-48"
477,1134005835452076033,"papakostakater",32-269,"32-48"
478,1161547840449130497,"a_avlonitis",11-232,"32-48"
479,970306790,"sakis_papad",609-638,"32-48"
480,1219343130065014792,"ApatzidiM",787-2190,"32-38"
481,1168241295149740038,"anaik2020",309-601,"32-48"
482,1325311602,"anikolakopoulos",629-997,"32-48"
483,1254725873456078855,"avdelas_ap",108-234,"32-48"
484,1205419430781628416,"amanatidis_g",36-52,"32-48"
485,1177124881688866816,"BurhanBaranDr",216-497,"32-48"
486,1192464378240614400,"Xanthopoulosth",196-849,"32-48"
487,1179294218088599552,"GVaremenos",46-525,"32-48"
488,1173581893079576580,"pkappatos",265-651,"32-48"
489,347951559,"AndreasPoulas",301-659,"32-48"
490,1246802753759952899,"manolakosnik",142-393,"32-48"
491,1232684640202317825,"spyroslappas1",60-163,"32-48"
492,1161045320400343040,"KotsosGiorgos",165-560,"32-48"
493,1156609842888552448,"karamanlis_k",2333-5513,"32-48"
494,1293462895842545664,"teleftheriadou",2356-5891,"32-48"
495,1191680252201852931,"GMoulkiotis",252-621,"32-48"
496,770226983657701377,"OikonomouVasili",4687-5457,"32-48"
497,1248746286460919810,"FragidisGeorge",163-553,"32-48"
498,265981780,"joikonomou",1407-5585,"32-48"
499,1378452865321144329,"pestanea",25-623,"36-42"
500,22245001,"atolkas",1981-1987,"39-48"
501,41333290,"Skylakakis",9962-9962,"48-48"
